CITY_DISTRICT_ID,SHIP_TO_CITY_CD,SHIP_TO_DISTRICT_NAME
1,厦门,集美区
2,宣城,宣州区
3,沈阳,和平区
4,合肥,瑶海区
5,扬州,广陵区
6,吉安,井冈山市
7,昆明,呈贡区
8,上海,普陀区
9,佛山,南海区
10,北京,丰台区
11,漳州,芗城区
12,成都,成华区
13,重庆,渝北区
14,蚌埠,淮上区
15,上海,浦东新区
16,北京,西城区
17,广州,天河区
18,镇江,丹阳市
19,钦州,钦南区
20,唐山,路北区
21,营口,鲅鱼圈区
22,苏州,昆山市
23,海口,龙华区
24,重庆,合川区
25,上海,徐汇区
26,湛江,坡头区
27,上海,黄浦区
28,徐州,泉山区
29,九江,共青城市
30,平顶山,汝州市
31,铜仁,碧江区
32,长沙,芙蓉区
33,常州,天宁区
34,唐山,丰润区
35,眉山,彭山区
36,湛江,徐闻县
37,成都,锦江区
38,温州,瑞安市
39,济南,历下区
40,哈尔滨,香坊区
41,贵阳,云岩区
42,西安,新城区
43,镇江,扬中市
44,衢州,江山市
45,哈尔滨,道外区
46,贺州,八步区
47,东营,东营区
48,玉林,北流市
49,秦皇岛,海港区
50,武汉,武昌区
51,长春,南关区
52,长春,朝阳区
53,西安,未央区
54,无锡,惠山区
55,武汉,汉阳区
56,杭州,上城区
57,连云港,海州区
58,苏州,吴江区
59,重庆,荣昌区
60,菏泽,成武县
61,松原,长岭县
62,金华,义乌市
63,大同,平城区
64,南通,崇川区
65,成都,邛崃市
66,石家庄,长安区
67,襄阳,樊城区
68,新乡,延津县
69,合肥,包河区
70,晋中,榆次区
71,郑州,新郑市
72,洛阳,西工区
73,成都,彭州市
74,武汉,洪山区
75,武汉,硚口区
76,北京,朝阳区
77,丹东,振兴区
78,郑州,二七区
79,台州,温岭市
80,杭州,萧山区
81,宣城,宁国市
82,青岛,城阳区
83,曲靖,陆良县
84,苏州,虎丘区
85,红河哈尼族彝族自治州,个旧市
86,深圳,龙华区
87,哈尔滨,道里区
88,淮北,相山区
89,杭州,江干区
90,北京,昌平区
91,南通,如东县
92,上海,嘉定区
93,嘉兴,南湖区
94,乌鲁木齐,新市区
95,天津,河北区
96,双鸭山,宝清县
97,深圳,罗湖区
98,南京,鼓楼区
99,惠州,惠城区
100,苏州,相城区
101,镇江,润州区
102,温州,乐清市
103,西安,碑林区
104,佳木斯,向阳区
105,西安,雁塔区
106,泸州,江阳区
107,阜阳,颍州区
108,深圳,南山区
109,平顶山,鲁山县
110,保定,莲池区
111,天津,北辰区
112,泉州,晋江市
113,合肥,肥西县
114,南充,顺庆区
115,蚌埠,禹会区
116,泰州,海陵区
117,泉州,泉港区
118,天津,南开区
119,汕头,潮南区
120,合肥,蜀山区
121,无锡,新吴区
122,厦门,思明区
123,锦州,太和区
124,淄博,周村区
125,泉州,鲤城区
126,哈尔滨,南岗区
127,南通,港闸区
128,天津,西青区
129,泰州,姜堰区
130,北京,房山区
131,泰州,兴化市
132,平顶山,叶县
133,新乡,辉县市
134,南昌,青山湖区
135,常州,钟楼区
136,南通,启东市
137,成都,新都区
138,廊坊,安次区
139,南京,建邺区
140,鹤岗,向阳区
141,洛阳,洛宁县
142,杭州,桐庐县
143,咸宁,咸安区
144,合肥,肥东县
145,宁波,江北区
146,新乡,获嘉县
147,凉山彝族自治州,会理县
148,无锡,滨湖区
149,常州,溧阳市
150,福州,连江县
151,廊坊,广阳区
152,扬州,邗江区
153,成都,金牛区
154,南京,江宁区
155,杭州,建德市
156,哈尔滨,松北区
157,吉林,桦甸市
158,宜昌,西陵区
159,武汉,江汉区
160,赣州,章贡区
161,池州,贵池区
162,武汉,江夏区
163,赣州,信丰县
164,泰州,高港区
165,绵阳,涪城区
166,济宁,兖州区
167,福州,晋安区
168,亳州,涡阳县
169,宁波,海曙区
170,西宁,城北区
171,连云港,东海县
172,葫芦岛,龙港区
173,文昌,文昌市
174,苏州,姑苏区
175,兴安盟,扎赉特旗
176,温州,鹿城区
177,东莞,东莞市
178,齐齐哈尔,建华区
179,黄冈,团风县
180,广州,海珠区
181,荆州,沙市区
182,抚州,东乡区
183,温州,瓯海区
184,揭阳,揭东区
185,齐齐哈尔,龙沙区
186,宣城,郎溪县
187,淮南,田家庵区
188,襄阳,宜城市
189,芜湖,弋江区
190,黄石,西塞山区
191,保定,高碑店市
192,枣庄,滕州市
193,镇江,京口区
194,南京,高淳区
195,金华,东阳市
196,淮安,淮阴区
197,徐州,铜山区
198,张家口,涿鹿县
199,南京,玄武区
200,临沂,兰山区
201,常州,金坛区
202,深圳,宝安区
203,绥化,绥棱县
204,南宁,西乡塘区
205,齐齐哈尔,富裕县
206,青岛,市北区
207,芜湖,镜湖区
208,盐城,盐都区
209,威海,乳山市
210,台州,椒江区
211,安阳,文峰区
212,景德镇,乐平市
213,长春,宽城区
214,北京,海淀区
215,安庆,桐城市
216,韶关,浈江区
217,南京,浦口区
218,汕头,潮阳区
219,佛山,禅城区
220,温州,永嘉县
221,成都,青羊区
222,佛山,顺德区
223,合肥,庐阳区
224,温州,苍南县
225,广州,白云区
226,宿迁,宿城区
227,湖州,吴兴区
228,达州,宣汉县
229,青岛,市南区
230,武汉,黄陂区
231,莆田,城厢区
232,江门,开平市
233,丹东,元宝区
234,襄阳,老河口市
235,呼和浩特,赛罕区
236,潍坊,奎文区
237,重庆,江北区
238,衡阳,蒸湘区
239,淮安,清江浦区
240,苏州,太仓市
241,中山,中山市
242,鞍山,铁东区
243,上海,松江区
244,贵阳,南明区
245,泰州,靖江市
246,南京,雨花台区
247,泰州,泰兴市
248,淮北,濉溪县
249,孝感,大悟县
250,深圳,龙岗区
251,太原,杏花岭区
252,上海,闵行区
253,银川,兴庆区
254,马鞍山,花山区
255,潍坊,寿光市
256,武汉,汉南区
257,南通,通州区
258,牡丹江,西安区
259,长沙,天心区
260,天津,河西区
261,泸州,龙马潭区
262,常州,新北区
263,无锡,宜兴市
264,安庆,宜秀区
265,烟台,龙口市
266,宜昌,伍家岗区
267,延边朝鲜族自治州,汪清县
268,淄博,张店区
269,绍兴,嵊州市
270,太原,万柏林区
271,无锡,江阴市
272,黄山,黄山区
273,河源,源城区
274,贵阳,观山湖区
275,汕头,龙湖区
276,萍乡,安源区
277,哈尔滨,呼兰区
278,南昌,东湖区
279,汕头,澄海区
280,太原,迎泽区
281,嘉兴,海盐县
282,武汉,青山区
283,重庆,巴南区
284,海口,美兰区
285,天津,滨海新区
286,沈阳,大东区
287,成都,武侯区
288,荆门,东宝区
289,武汉,蔡甸区
290,淄博,桓台县
291,厦门,翔安区
292,上海,虹口区
293,湖州,安吉县
294,常州,武进区
295,上海,杨浦区
296,上海,宝山区
297,太原,尖草坪区
298,徐州,沛县
299,陇南,武都区
300,重庆,渝中区
301,济南,天桥区
302,杭州,西湖区
303,烟台,莱州市
304,伊春,铁力市
305,玉溪,红塔区
306,茂名,高州市
307,郑州,管城回族区
308,宜昌,夷陵区
309,盐城,大丰区
310,沈阳,辽中区
311,梅州,兴宁市
312,保定,徐水区
313,哈尔滨,方正县
314,天津,东丽区
315,眉山,东坡区
316,石家庄,栾城区
317,衡水,阜城县
318,宿迁,沭阳县
319,武汉,江岸区
320,临汾,尧都区
321,贵阳,花溪区
322,潍坊,寒亭区
323,汉中,城固县
324,宝鸡,渭滨区
325,苏州,张家港市
326,盐城,亭湖区
327,柳州,城中区
328,呼和浩特,玉泉区
329,黔西南布依族苗族自治州,兴义市
330,柳州,鱼峰区
331,西安,莲湖区
332,呼和浩特,回民区
333,宁波,鄞州区
334,安庆,望江县
335,宁波,北仑区
336,黄石,黄石港区
337,仙桃,仙桃市
338,淮安,淮安区
339,唐山,遵化市
340,盐城,东台市
341,广州,越秀区
342,保定,容城县
343,延边朝鲜族自治州,珲春市
344,吉林,昌邑区
345,桂林,七星区
346,十堰,茅箭区
347,揭阳,榕城区
348,哈尔滨,尚志市
349,湖州,南浔区
350,汉中,汉台区
351,金华,金东区
352,铜仁,印江土家族苗族自治县
353,昆明,西山区
354,漳州,长泰县
355,内江,东兴区
356,深圳,福田区
357,宜昌,当阳市
358,大理白族自治州,宾川县
359,吉安,吉州区
360,焦作,解放区
361,上饶,广信区
362,长治,屯留区
363,宁波,余姚市
364,杭州,拱墅区
365,漳州,漳浦县
366,南京,栖霞区
367,百色,右江区
368,惠州,惠东县
369,成都,龙泉驿区
370,南昌,南昌县
371,广州,荔湾区
372,福州,仓山区
373,鹤岗,南山区
374,上海,长宁区
375,亳州,利辛县
376,玉林,容县
377,孝感,孝昌县
378,宁德,蕉城区
379,泰安,新泰市
380,延安,宝塔区
381,阜阳,临泉县
382,福州,闽侯县
383,太原,小店区
384,包头,昆都仑区
385,河源,龙川县
386,邯郸,丛台区
387,六安,裕安区
388,唐山,滦南县
389,上海,静安区
390,梅州,五华县
391,唐山,曹妃甸区
392,大连,甘井子区
393,南充,蓬安县
394,盘锦,双台子区
395,韶关,武江区
396,景德镇,珠山区
397,株洲,石峰区
398,潍坊,高密市
399,昆明,五华区
400,淮安,洪泽区
401,唐山,乐亭县
402,忻州,原平市
403,黄石,大冶市
404,蚌埠,龙子湖区
405,南平,建瓯市
406,天津,河东区
407,德州,平原县
408,保定,定兴县
409,榆林,神木市
410,西双版纳傣族自治州,景洪市
411,惠州,博罗县
412,辽阳,白塔区
413,柳州,柳北区
414,揭阳,惠来县
415,宜宾,翠屏区
416,渭南,大荔县
417,安庆,大观区
418,长春,绿园区
419,大庆,龙凤区
420,台州,临海市
421,秦皇岛,北戴河区
422,宿迁,泗洪县
423,阿勒泰地区,福海县
424,襄阳,襄州区
425,绵阳,江油市
426,伊春,乌翠区
427,徐州,云龙区
428,宝鸡,凤翔县
429,潮州,潮安区
430,乌鲁木齐,沙依巴克区
431,丽江,古城区
432,桂林,秀峰区
433,青岛,平度市
434,衡水,枣强县
435,台州,天台县
436,南京,秦淮区
437,遵义,汇川区
438,大兴安岭地区,加格达奇区
439,黄山,屯溪区
440,烟台,芝罘区
441,贵阳,修文县
442,成都,郫都区
443,阜阳,颍上县
444,曲靖,会泽县
445,襄阳,襄城区
446,甘孜藏族自治州,康定市
447,贵阳,乌当区
448,巴彦淖尔,临河区
449,晋城,城区
450,无锡,梁溪区
451,苏州,常熟市
452,洛阳,偃师市
453,遵义,绥阳县
454,西安,长安区
455,佳木斯,桦南县
456,信阳,平桥区
457,三门峡,渑池县
458,万宁,万宁市
459,阿坝藏族羌族自治州,茂县
460,遵义,红花岗区
461,泉州,丰泽区
462,台州,路桥区
463,南通,海门市
464,宁德,福安市
465,马鞍山,含山县
466,济宁,任城区
467,成都,简阳市
468,大连,金州区
469,锦州,古塔区
470,济宁,曲阜市
471,成都,温江区
472,南通,如皋市
473,淮北,杜集区
474,上饶,信州区
475,泉州,德化县
476,金华,浦江县
477,长治,潞州区
478,天津,武清区
479,鞍山,海城市
480,广州,黄埔区
481,武汉,东西湖区
482,陵水黎族自治县,陵水黎族自治县
483,毕节,织金县
484,上饶,广丰区
485,赣州,赣县区
486,随州,广水市
487,大庆,让胡路区
488,兰州,皋兰县
489,重庆,梁平区
490,杭州,滨江区
491,茂名,化州市
492,衢州,柯城区
493,锦州,凌海市
494,北京,大兴区
495,桂林,雁山区
496,阜新,海州区
497,吉安,青原区
498,铜陵,郊区
499,黑河,五大连池市
500,石家庄,新华区
501,成都,双流区
502,南京,六合区
503,大同,天镇县
504,青岛,莱西市
505,衢州,开化县
506,连云港,灌云县
507,泸州,泸县
508,天津,津南区
509,绍兴,诸暨市
510,大同,云冈区
511,荆门,钟祥市
512,南平,延平区
513,南宁,青秀区
514,南昌,新建区
515,杭州,富阳区
516,济宁,邹城市
517,咸宁,崇阳县
518,哈尔滨,平房区
519,十堰,张湾区
520,南通,海安市
521,怀化,鹤城区
522,宁波,镇海区
523,徐州,鼓楼区
524,襄阳,南漳县
525,嘉兴,秀洲区
526,荆州,荆州区
527,日照,东港区
528,抚州,临川区
529,盐城,建湖县
530,莆田,涵江区
531,天津,蓟州区
532,绍兴,越城区
533,盐城,响水县
534,临沂,莒南县
535,鞍山,立山区
536,长春,双阳区
537,潍坊,潍城区
538,杭州,余杭区
539,上海,青浦区
540,安庆,怀宁县
541,梧州,龙圩区
542,呼和浩特,托克托县
543,黑河,爱辉区
544,郑州,金水区
545,茂名,茂南区
546,榆林,榆阳区
547,漳州,龙海市
548,马鞍山,雨山区
549,保定,雄县
550,嘉兴,桐乡市
551,无锡,锡山区
552,保山,隆阳区
553,芜湖,芜湖县
554,台州,黄岩区
555,攀枝花,仁和区
556,厦门,湖里区
557,揭阳,普宁市
558,北京,石景山区
559,桂林,阳朔县
560,上海,奉贤区
561,西宁,城西区
562,孝感,孝南区
563,泰安,岱岳区
564,潜江,潜江市
565,承德,双桥区
566,资阳,安岳县
567,沈阳,铁西区
568,临夏回族自治州,临夏市
569,嘉兴,海宁市
570,金华,永康市
571,永州,宁远县
572,焦作,博爱县
573,吉安,安福县
574,宿迁,泗阳县
575,福州,长乐区
576,沧州,运河区
577,泉州,惠安县
578,龙岩,新罗区
579,济南,历城区
580,重庆,涪陵区
581,哈尔滨,依兰县
582,福州,福清市
583,佳木斯,同江市
584,抚顺,顺城区
585,牡丹江,绥芬河市
586,金华,婺城区
587,苏州,吴中区
588,上饶,玉山县
589,南阳,宛城区
590,珠海,香洲区
591,成都,都江堰市
592,绥化,明水县
593,雅安,雨城区
594,白山,长白朝鲜族自治县
595,聊城,茌平区
596,宿州,埇桥区
597,宜春,樟树市
598,福州,马尾区
599,郑州,中原区
600,淄博,淄川区
601,咸阳,兴平市
602,长沙,岳麓区
603,重庆,南岸区
604,肇庆,四会市
605,凉山彝族自治州,西昌市
606,海口,秀英区
607,天津,静海区
608,西安,鄠邑区
609,吉安,遂川县
610,哈尔滨,阿城区
611,河源,东源县
612,商丘,睢阳区
613,三亚,天涯区
614,焦作,武陟县
615,延安,黄陵县
616,银川,金凤区
617,西安,灞桥区
618,威海,荣成市
619,绥化,海伦市
620,扬州,高邮市
621,阳泉,矿区
622,铁岭,银州区
623,济南,莱芜区
624,聊城,东昌府区
625,新乡,长垣市
626,吉林,磐石市
627,三门峡,陕州区
628,桂林,灵川县
629,铜川,耀州区
630,随州,曾都区
631,青岛,崂山区
632,白山,抚松县
633,潍坊,坊子区
634,许昌,禹州市
635,三明,梅列区
636,潍坊,青州市
637,包头,青山区
638,景德镇,浮梁县
639,北京,通州区
640,抚州,南城县
641,北京,门头沟区
642,北京,东城区
643,通辽,科尔沁区
644,衢州,常山县
645,聊城,莘县
646,淮南,潘集区
647,兰州,安宁区
648,连云港,赣榆区
649,崇左,龙州县
650,乌鲁木齐,米东区
651,青岛,黄岛区
652,吉林,船营区
653,宝鸡,陈仓区
654,曲靖,麒麟区
655,潍坊,安丘市
656,济宁,嘉祥县
657,梅州,蕉岭县
658,茂名,电白区
659,邯郸,邯山区
660,广元,利州区
661,温州,平阳县
662,昆明,官渡区
663,徐州,睢宁县
664,鸡西,鸡冠区
665,石家庄,裕华区
666,九江,濂溪区
667,黔南布依族苗族自治州,福泉市
668,新乡,牧野区
669,天津,和平区
670,巴中,平昌县
671,榆林,定边县
672,徐州,贾汪区
673,泰安,东平县
674,福州,鼓楼区
675,芜湖,无为市
676,扬州,仪征市
677,清远,清新区
678,长沙,浏阳市
679,郑州,巩义市
680,驻马店,泌阳县
681,六安,金安区
682,德宏傣族景颇族自治州,瑞丽市
683,佛山,高明区
684,盐城,阜宁县
685,常德,临澧县
686,芜湖,三山区
687,长春,二道区
688,开封,龙亭区
689,阜阳,颍东区
690,重庆,沙坪坝区
691,湖州,长兴县
692,柳州,柳南区
693,贵阳,白云区
694,深圳,盐田区
695,沈阳,沈河区
696,咸阳,秦都区
697,潮州,饶平县
698,唐山,滦州市
699,榆林,靖边县
700,遵义,播州区
701,柳州,柳江区
702,滁州,定远县
703,莆田,荔城区
704,福州,台江区
705,黔东南苗族侗族自治州,剑河县
706,黑河,嫩江市
707,南昌,青云谱区
708,杭州,下城区
709,南昌,西湖区
710,呼伦贝尔,莫力达瓦达斡尔族自治旗
711,乌鲁木齐,天山区
712,漯河,郾城区
713,石嘴山,大武口区
714,重庆,九龙坡区
715,承德,平泉市
716,淮南,寿县
717,通化,梅河口市
718,延边朝鲜族自治州,延吉市
719,汕尾,海丰县
720,新余,渝水区
721,绥化,北林区
722,景德镇,昌江区
723,绵阳,游仙区
724,大理白族自治州,大理市
725,福州,平潭县
726,镇江,句容市
727,双鸭山,尖山区
728,肇庆,广宁县
729,长沙,开福区
730,唐山,迁西县
731,黄山,歙县
732,上饶,余干县
733,湛江,廉江市
734,荆门,掇刀区
735,南昌,进贤县
736,拉萨,城关区
737,长沙,望城区
738,鹰潭,月湖区
739,周口,郸城县
740,衡水,武强县
741,长春,农安县
742,南平,浦城县
743,贵港,港南区
744,南宁,兴宁区
745,荆州,松滋市
746,广州,花都区
747,湛江,吴川市
748,嘉兴,嘉善县
749,乌海,海勃湾区
750,安阳,殷都区
751,石家庄,桥西区
752,红河哈尼族彝族自治州,建水县
753,长春,德惠市
754,重庆,万州区
755,济宁,微山县
756,惠州,惠阳区
757,广州,南沙区
758,平顶山,卫东区
759,益阳,赫山区
760,烟台,莱山区
761,张家口,桥东区
762,唐山,丰南区
763,北海,海城区
764,呼和浩特,新城区
765,淮安,金湖县
766,泉州,石狮市
767,楚雄彝族自治州,楚雄市
768,信阳,光山县
769,海口,琼山区
770,六安,金寨县
771,潍坊,诸城市
772,钦州,浦北县
773,北京,顺义区
774,毕节,金沙县
775,合肥,庐江县
776,德州,德城区
777,渭南,蒲城县
778,菏泽,曹县
779,徐州,新沂市
780,营口,站前区
781,哈密市,伊州区
782,洛阳,瀍河回族区
783,汕头,金平区
784,潮州,湘桥区
785,蚌埠,五河县
786,吕梁,中阳县
787,荆州,公安县
788,珠海,金湾区
789,淮安,涟水县
790,临沂,沂南县
791,宜昌,兴山县
792,绍兴,上虞区
793,丽水,云和县
794,桂林,叠彩区
795,孝感,汉川市
796,盘锦,兴隆台区
797,崇左,江州区
798,扬州,宝应县
799,玉溪,峨山彝族自治县
800,榆林,府谷县
801,舟山,岱山县
802,湘潭,湘乡市
803,恩施土家族苗族自治州,恩施市
804,合肥,长丰县
805,淮安,盱眙县
806,佳木斯,富锦市
807,株洲,醴陵市
808,阜阳,太和县
809,张家口,宣化区
810,亳州,谯城区
811,天津,宝坻区
812,烟台,福山区
813,巴彦淖尔,乌拉特中旗
814,邵阳,双清区
815,济南,市中区
816,丽水,莲都区
817,鄂州,鄂城区
818,泉州,洛江区
819,大连,西岗区
820,兰州,城关区
821,滁州,来安县
822,十堰,郧西县
823,广州,番禺区
824,重庆,大渡口区
825,安庆,太湖县
826,恩施土家族苗族自治州,利川市
827,成都,新津县
828,徐州,邳州市
829,安顺,普定县
830,亳州,蒙城县
831,大庆,大同区
832,绵阳,三台县
833,吉安,泰和县
834,白山,靖宇县
835,遂宁,船山区
836,沧州,青县
837,牡丹江,海林市
838,阳江,江城区
839,鹤壁,淇滨区
840,钦州,钦北区
841,宁德,霞浦县
842,赣州,寻乌县
843,朝阳,双塔区
844,枣庄,薛城区
845,镇江,丹徒区
846,安阳,内黄县
847,广州,从化区
848,达州,通川区
849,玉林,玉州区
850,兰州,永登县
851,宜昌,猇亭区
852,内江,威远县
853,扬州,江都区
854,舟山,定海区
855,成都,金堂县
856,攀枝花,西区
857,甘孜藏族自治州,泸定县
858,邢台,桥西区
859,汉中,宁强县
860,甘孜藏族自治州,稻城县
861,青岛,李沧区
862,潍坊,昌邑市
863,乌鲁木齐,水磨沟区
864,安阳,滑县
865,榆林,米脂县
866,辽阳,灯塔市
867,黄冈,武穴市
868,濮阳,华龙区
869,三门峡,湖滨区
870,临沂,兰陵县
871,常德,鼎城区
872,玉林,陆川县
873,齐齐哈尔,拜泉县
874,哈尔滨,双城区
875,丽水,庆元县
876,四平,铁东区
877,石家庄,藁城区
878,湛江,霞山区
879,定西,岷县
880,威海,环翠区
881,丹东,东港市
882,临沂,平邑县
883,自贡,自流井区
884,桂林,象山区
885,宣城,广德市
886,黄冈,黄州区
887,台州,仙居县
888,大庆,萨尔图区
889,临沂,临沭县
890,哈尔滨,通河县
891,伊犁哈萨克自治州,伊宁市
892,绍兴,新昌县
893,阜阳,颍泉区
894,菏泽,牡丹区
895,宜宾,珙县
896,漳州,云霄县
897,齐齐哈尔,富拉尔基区
898,蚌埠,怀远县
899,济宁,金乡县
900,许昌,鄢陵县
901,黄冈,蕲春县
902,牡丹江,东安区
903,南宁,江南区
904,洛阳,洛龙区
905,梧州,万秀区
906,昆明,盘龙区
907,晋中,介休市
908,周口,川汇区
909,盐城,滨海县
910,天津,宁河区
911,昭通,镇雄县
912,抚顺,东洲区
913,济南,章丘区
914,邯郸,大名县
915,梅州,梅江区
916,鄂尔多斯,伊金霍洛旗
917,南昌,安义县
918,江门,新会区
919,泰安,宁阳县
920,黑河,孙吴县
921,朔州,朔城区
922,大连,中山区
923,合肥,巢湖市
924,大连,沙河口区
925,沧州,新华区
926,哈尔滨,宾县
927,淄博,临淄区
928,烟台,蓬莱市
929,延安,富县
930,肇庆,高要区
931,铜陵,枞阳县
932,湖州,德清县
933,日照,岚山区
934,周口,商水县
935,天津,红桥区
936,昆玉,昆玉市
937,丹东,凤城市
938,肇庆,端州区
939,锦州,凌河区
940,邢台,临城县
941,湛江,赤坎区
942,毕节,赫章县
943,湘潭,雨湖区
944,巴音郭楞蒙古自治州,库尔勒市
945,渭南,韩城市
946,上海,金山区
947,朝阳,建平县
948,荆州,洪湖市
949,赣州,会昌县
950,乌鲁木齐,头屯河区
951,宁波,慈溪市
952,汕尾,陆丰市
953,晋城,阳城县
954,林芝,巴宜区
955,济宁,汶上县
956,抚州,崇仁县
957,咸阳,长武县
958,九江,浔阳区
959,吉安,永丰县
960,南阳,南召县
961,天门,天门市
962,上海,崇明区
963,宁波,奉化区
964,韶关,乳源瑶族自治县
965,郑州,新密市
966,辽源,龙山区
967,邵阳,邵东市
968,开封,兰考县
969,阜阳,界首市
970,鄂尔多斯,鄂托克旗
971,长春,九台区
972,莆田,秀屿区
973,襄阳,枣阳市
974,自贡,大安区
975,乐山,峨眉山市
976,韶关,曲江区
977,上饶,德兴市
978,娄底,娄星区
979,梧州,长洲区
980,佳木斯,前进区
981,黔西南布依族苗族自治州,册亨县
982,郑州,中牟县
983,沈阳,皇姑区
984,临沂,罗庄区
985,长沙,雨花区
986,莆田,仙游县
987,西安,高陵区
988,运城,新绛县
989,厦门,同安区
990,永州,江华瑶族自治县
991,赣州,南康区
992,重庆,南川区
993,泰安,泰山区
994,江门,蓬江区
995,白城,洮南市
996,遵义,湄潭县
997,信阳,浉河区
998,唐山,古冶区
999,娄底,涟源市
1000,盘锦,大洼区
1001,琼海,琼海市
1002,西安,临潼区
1003,沈阳,于洪区
1004,阿坝藏族羌族自治州,马尔康市
1005,益阳,资阳区
1006,南阳,卧龙区
1007,广州,增城区
1008,漳州,诏安县
1009,揭阳,揭西县
1010,吕梁,交城县
1011,绵阳,安州区
1012,眉山,仁寿县
1013,酒泉,肃州区
1014,牡丹江,宁安市
1015,郴州,北湖区
1016,衡阳,雁峰区
1017,深圳,光明区
1018,忻州,繁峙县
1019,马鞍山,当涂县
1020,大连,旅顺口区
1021,包头,九原区
1022,福州,罗源县
1023,滨州,邹平市
1024,蚌埠,蚌山区
1025,漯河,源汇区
1026,衡水,桃城区
1027,金华,兰溪市
1028,南平,政和县
1029,温州,洞头区
1030,宜宾,叙州区
1031,沈阳,沈北新区
1032,南阳,镇平县
1033,荆门,沙洋县
1034,烟台,招远市
1035,迪庆藏族自治州,德钦县
1036,鞍山,铁西区
1037,吉林,丰满区
1038,黔南布依族苗族自治州,都匀市
1039,忻州,忻府区
1040,营口,盖州市
1041,宜昌,宜都市
1042,吉林,蛟河市
1043,西宁,湟中区
1044,新乡,红旗区
1045,唐山,迁安市
1046,厦门,海沧区
1047,岳阳,岳阳楼区
1048,上饶,婺源县
1049,运城,盐湖区
1050,芜湖,南陵县
1051,北京,延庆区
1052,河池,宜州区
1053,运城,永济市
1054,抚州,广昌县
1055,重庆,丰都县
1056,枣庄,峄城区
1057,资阳,雁江区
1058,阳泉,盂县
1059,宁波,宁海县
1060,松原,乾安县
1061,曲靖,宣威市
1062,重庆,璧山区
1063,大兴安岭地区,呼玛县
1064,长春,榆树市
1065,温州,龙港市
1066,大兴安岭地区,漠河市
1067,济南,槐荫区
1068,安庆,岳西县
1069,云浮,云安区
1070,芜湖,鸠江区
1071,鄂尔多斯,东胜区
1072,武汉,新洲区
1073,四平,公主岭市
1074,阿坝藏族羌族自治州,汶川县
1075,丽水,松阳县
1076,长治,沁源县
1077,台州,玉环市
1078,沧州,黄骅市
1079,阜阳,阜南县
1080,西安,阎良区
1081,晋中,平遥县
1082,鄂尔多斯,达拉特旗
1083,淄博,沂源县
1084,阜新,细河区
1085,兰州,七里河区
1086,宿州,灵璧县
1087,营口,大石桥市
1088,临汾,侯马市
1089,广安,广安区
1090,沧州,河间市
1091,清远,清城区
1092,德宏傣族景颇族自治州,芒市
1093,湛江,麻章区
1094,烟台,栖霞市
1095,武威,古浪县
1096,宝鸡,金台区
1097,衡阳,耒阳市
1098,黄冈,罗田县
1099,滁州,琅琊区
1100,汉中,南郑区
1101,东营,广饶县
1102,潍坊,临朐县
1103,太原,晋源区
1104,马鞍山,和县
1105,大连,庄河市
1106,沧州,南皮县
1107,焦作,沁阳市
1108,鄂尔多斯,准格尔旗
1109,鸡西,虎林市
1110,廊坊,文安县
1111,丽水,遂昌县
1112,赣州,于都县
1113,永州,冷水滩区
1114,宝鸡,麟游县
1115,廊坊,三河市
1116,石家庄,辛集市
1117,温州,龙湾区
1118,德阳,广汉市
1119,抚州,黎川县
1120,哈密市,巴里坤哈萨克自治县
1121,重庆,秀山土家族苗族自治县
1122,百色,那坡县
1123,保山,腾冲市
1124,呼和浩特,土默特左旗
1125,石家庄,晋州市
1126,临沂,沂水县
1127,枣庄,市中区
1128,宿州,萧县
1129,七台河,茄子河区
1130,沈阳,苏家屯区
1131,绥化,望奎县
1132,滁州,明光市
1133,西宁,城中区
1134,岳阳,平江县
1135,齐齐哈尔,昂昂溪区
1136,保定,涿州市
1137,海南藏族自治州,共和县
1138,绥化,庆安县
1139,廊坊,霸州市
1140,运城,河津市
1141,连云港,连云区
1142,德阳,旌阳区
1143,遵义,凤冈县
1144,淮南,凤台县
1145,绍兴,柯桥区
1146,赣州,瑞金市
1147,唐山,路南区
1148,辽阳,文圣区
1149,济南,济阳区
1150,重庆,云阳县
1151,崇左,凭祥市
1152,成都,崇州市
1153,荆门,京山市
1154,葫芦岛,连山区
1155,金昌,金川区
1156,洛阳,涧西区
1157,云浮,罗定市
1158,喀什地区,喀什市
1159,信阳,固始县
1160,淮南,大通区
1161,漳州,南靖县
1162,贵阳,清镇市
1163,宜春,上高县
1164,南京,溧水区
1165,岳阳,岳阳县
1166,衡阳,衡南县
1167,宁德,周宁县
1168,梅州,梅县区
1169,周口,鹿邑县
1170,武威,凉州区
1171,荆州,江陵县
1172,洛阳,伊川县
1173,铜陵,铜官区
1174,广元,苍溪县
1175,泉州,南安市
1176,安庆,宿松县
1177,长沙,宁乡市
1178,沈阳,浑南区
1179,呼和浩特,和林格尔县
1180,株洲,芦淞区
1181,巴音郭楞蒙古自治州,尉犁县
1182,四平,铁西区
1183,南充,南部县
1184,伊春,南岔县
1185,滨州,阳信县
1186,乐山,峨边彝族自治县
1187,佳木斯,郊区
1188,宣城,泾县
1189,沧州,海兴县
1190,秦皇岛,昌黎县
1191,衡阳,衡阳县
1192,山南市,琼结县
1193,毕节,黔西县
1194,南宁,良庆区
1195,保定,竞秀区
1196,伊犁哈萨克自治州,奎屯市
1197,三明,永安市
1198,滁州,全椒县
1199,临沧,耿马傣族佤族自治县
1200,重庆,长寿区
1201,佛山,三水区
1202,安庆,迎江区
1203,双鸭山,集贤县
1204,淮北,烈山区
1205,长治,襄垣县
1206,成都,蒲江县
1207,齐齐哈尔,泰来县
1208,徐州,丰县
1209,通化,集安市
1210,重庆,武隆区
1211,开封,祥符区
1212,六盘水,六枝特区
1213,咸阳,三原县
1214,北京,平谷区
1215,重庆,巫山县
1216,乐山,市中区
1217,珠海,斗门区
1218,深圳,坪山区
1219,济宁,鱼台县
1220,攀枝花,东区
1221,长沙,长沙县
1222,邯郸,武安市
1223,聊城,东阿县
1224,渭南,临渭区
1225,吕梁,离石区
1226,温州,文成县
1227,齐齐哈尔,克山县
1228,龙岩,武平县
1229,茂名,信宜市
1230,六盘水,钟山区
1231,恩施土家族苗族自治州,鹤峰县
1232,青岛,胶州市
1233,延安,子长市
1234,梅州,大埔县
1235,张家口,桥西区
1236,萍乡,湘东区
1237,丹东,振安区
1238,六安,舒城县
1239,吕梁,临县
1240,雅安,宝兴县
1241,滨州,滨城区
1242,贵港,桂平市
1243,上饶,铅山县
1244,黔东南苗族侗族自治州,锦屏县
1245,台州,三门县
1246,克拉玛依,克拉玛依区
1247,威海,文登区
1248,石家庄,新乐市
1249,阿坝藏族羌族自治州,小金县
1250,廊坊,大厂回族自治县
1251,临沂,河东区
1252,廊坊,固安县
1253,杭州,临安区
1254,赣州,上犹县
1255,吕梁,汾阳市
1256,临沂,郯城县
1257,松原,宁江区
1258,商洛,山阳县
1259,许昌,魏都区
1260,鹤岗,工农区
1261,佳木斯,汤原县
1262,延边朝鲜族自治州,安图县
1263,宿州,砀山县
1264,宜春,袁州区
1265,聊城,临清市
1266,大理白族自治州,洱源县
1267,宁德,福鼎市
1268,忻州,河曲县
1269,巴彦淖尔,五原县
1270,东营,河口区
1271,保定,顺平县
1272,安顺,西秀区
1273,保定,清苑区
1274,贵港,港北区
1275,晋城,高平市
1276,北京,密云区
1277,泉州,安溪县
1278,哈尔滨,木兰县
1279,呼伦贝尔,扎兰屯市
1280,汕尾,陆河县
1281,承德,滦平县
1282,铁岭,调兵山市
1283,盐城,射阳县
1284,红河哈尼族彝族自治州,弥勒市
1285,北京,怀柔区
1286,六安,霍邱县
1287,大连,瓦房店市
1288,菏泽,郓城县
1289,甘孜藏族自治州,巴塘县
1290,安顺,平坝区
1291,德阳,什邡市
1292,黄石,下陆区
1293,青岛,即墨区
1294,嘉兴,平湖市
1295,重庆,江津区
1296,安阳,北关区
1297,邵阳,新宁县
1298,商丘,永城市
1299,日照,五莲县
1300,阿勒泰地区,阿勒泰市
1301,银川,西夏区
1302,宜春,丰城市
1303,商洛,洛南县
1304,衢州,龙游县
1305,营口,老边区
1306,菏泽,巨野县
1307,上饶,鄱阳县
1308,丽水,青田县
1309,邯郸,曲周县
1310,固原,原州区
1311,忻州,五寨县
1312,贵阳,息烽县
1313,廊坊,大城县
1314,朝阳,凌源市
1315,三明,三元区
1316,咸阳,乾县
1317,昌吉回族自治州,昌吉市
1318,黄冈,麻城市
1319,肇庆,德庆县
1320,潍坊,昌乐县
1321,西宁,城东区
1322,阿克苏地区,阿克苏市
1323,红河哈尼族彝族自治州,石屏县
1324,银川,永宁县
1325,七台河,新兴区
1326,博尔塔拉蒙古自治州,精河县
1327,南宁,武鸣区
1328,温州,泰顺县
1329,济宁,梁山县
1330,运城,垣曲县
1331,濮阳,范县
1332,迪庆藏族自治州,香格里拉市
1333,铜仁,德江县
1334,铜陵,义安区
1335,哈尔滨,五常市
1336,包头,东河区
1337,新乡,卫辉市
1338,邢台,清河县
1339,郴州,临武县
1340,连云港,灌南县
1341,辽阳,太子河区
1342,株洲,天元区
1343,铁岭,开原市
1344,达州,大竹县
1345,张家口,万全区
1346,滨州,沾化区
1347,上饶,弋阳县
1348,济宁,泗水县
1349,商丘,梁园区
1350,宣城,旌德县
1351,宁波,象山县
1352,石家庄,正定县
1353,南充,仪陇县
1354,阿勒泰地区,富蕴县
1355,襄阳,谷城县
1356,平顶山,新华区
1357,日照,莒县
1358,济南,平阴县
1359,庆阳,西峰区
1360,黔南布依族苗族自治州,长顺县
1361,平凉,崆峒区
1362,柳州,融水苗族自治县
1363,丽水,缙云县
1364,黔东南苗族侗族自治州,凯里市
1365,保定,阜平县
1366,抚顺,清原满族自治县
1367,齐齐哈尔,铁锋区
1368,商洛,丹凤县
1369,呼伦贝尔,阿荣旗
1370,巴音郭楞蒙古自治州,和静县
1371,锡林郭勒盟,西乌珠穆沁旗
1372,普洱,思茅区
1373,南阳,新野县
1374,永州,道县
1375,乌兰察布,集宁区
1376,鸡西,鸡东县
1377,贵港,平南县
1378,太原,阳曲县
1379,重庆,开州区
1380,江门,台山市
1381,通化,二道江区
1382,柳州,融安县
1383,安阳,林州市
1384,济南,钢城区
1385,濮阳,清丰县
1386,松原,扶余市
1387,舟山,普陀区
1388,临汾,永和县
1389,保定,定州市
1390,江门,江海区
1391,黔东南苗族侗族自治州,榕江县
1392,烟台,牟平区
1393,辽源,东丰县
1394,黄山,休宁县
1395,滁州,南谯区
1396,长治,壶关县
1397,邢台,宁晋县
1398,咸阳,彬州市
1399,黄冈,浠水县
1400,凉山彝族自治州,冕宁县
1401,恩施土家族苗族自治州,来凤县
1402,广安,华蓥市
1403,抚顺,新抚区
1404,资阳,乐至县
1405,淄博,高青县
1406,遵义,桐梓县
1407,朔州,怀仁市
1408,营口,西市区
1409,湛江,雷州市
1410,孝感,安陆市
1411,湘潭,韶山市
1412,咸阳,杨陵区
1413,黄南藏族自治州,同仁县
1414,铜川,王益区
1415,太原,古交市
1416,呼和浩特,清水河县
1417,娄底,新化县
1418,石家庄,深泽县
1419,宝鸡,岐山县
1420,黔东南苗族侗族自治州,从江县
1421,岳阳,临湘市
1422,湛江,遂溪县
1423,邵阳,隆回县
1424,盘锦,盘山县
1425,承德,围场满族蒙古族自治县
1426,邢台,沙河市
1427,十堰,丹江口市
1428,商洛,商州区
1429,哈密市,伊吾县
1430,锦州,黑山县
1431,葫芦岛,兴城市
1432,石河子,石河子市
1433,七台河,桃山区
1434,阿坝藏族羌族自治州,理县
1435,黄冈,英山县
1436,黄石,阳新县
1437,乐东黎族自治县,乐东黎族自治县
1438,阿坝藏族羌族自治州,九寨沟县
1439,汕尾,城区
1440,吴忠,利通区
1441,金华,武义县
1442,漳州,平和县
1443,九江,修水县
1444,漳州,龙文区
1445,齐齐哈尔,龙江县
1446,吕梁,柳林县
1447,日喀则,桑珠孜区
1448,邢台,南和县
1449,濮阳,濮阳县
1450,延安,宜川县
1451,常德,桃源县
1452,郑州,惠济区
1453,昆明,安宁市
1454,郴州,宜章县
1455,银川,灵武市
1456,临沂,费县
1457,南阳,西峡县
1458,北海,铁山港区
1459,内江,资中县
1460,漳州,东山县
1461,保定,满城区
1462,玉林,博白县
1463,唐山,开平区
1464,湘西土家族苗族自治州,吉首市
1465,玉溪,华宁县
1466,南宁,宾阳县
1467,吉安,万安县
1468,滁州,天长市
1469,信阳,潢川县
1470,咸阳,旬邑县
1471,博尔塔拉蒙古自治州,博乐市
1472,临沧,云县
1473,鞍山,台安县
1474,甘孜藏族自治州,得荣县
1475,洛阳,孟津县
1476,赣州,兴国县
1477,塔城地区,塔城市
1478,海西蒙古族藏族自治州,德令哈市
1479,兴安盟,乌兰浩特市
1480,邯郸,永年区
1481,白山,浑江区
1482,肇庆,鼎湖区
1483,南阳,淅川县
1484,滨州,惠民县
1485,阳江,阳春市
1486,洛阳,嵩县
1487,丽水,景宁畲族自治县
1488,黔东南苗族侗族自治州,镇远县
1489,石家庄,无极县
1490,沧州,东光县
1491,毕节,威宁彝族回族苗族自治县
1492,湘潭,岳塘区
1493,许昌,襄城县
1494,海南藏族自治州,贵南县
1495,益阳,桃江县
1496,绥化,肇东市
1497,山南市,错那县
1498,白城,通榆县
1499,长治,沁县
1500,吕梁,石楼县
1501,本溪,桓仁满族自治县
1502,攀枝花,米易县
1503,沧州,任丘市
1504,博尔塔拉蒙古自治州,温泉县
1505,吴忠,盐池县
1506,贵阳,开阳县
1507,南充,阆中市
1508,重庆,永川区
1509,通化,东昌区
1510,自贡,荣县
1511,商丘,民权县
1512,毕节,纳雍县
1513,永州,新田县
1514,咸阳,渭城区
1515,广安,岳池县
1516,和田地区,和田市
1517,哈尔滨,延寿县
1518,文山壮族苗族自治州,砚山县
1519,通辽,科尔沁左翼中旗
1520,兰州,西固区
1521,牡丹江,林口县
1522,来宾,兴宾区
1523,洛阳,宜阳县
1524,崇左,大新县
1525,呼伦贝尔,鄂温克族自治旗
1526,黔南布依族苗族自治州,龙里县
1527,崇左,扶绥县
1528,双鸭山,四方台区
1529,重庆,奉节县
1530,汉中,略阳县
1531,保定,安新县
1532,红河哈尼族彝族自治州,蒙自市
1533,本溪,明山区
1534,惠州,龙门县
1535,三门峡,灵宝市
1536,绵阳,北川羌族自治县
1537,驻马店,西平县
1538,驻马店,驿城区
1539,河池,罗城仫佬族自治县
1540,周口,扶沟县
1541,通辽,奈曼旗
1542,锦州,北镇市
1543,德阳,绵竹市
1544,重庆,潼南区
1545,宝鸡,扶风县
1546,德州,临邑县
1547,银川,贺兰县
1548,十堰,郧阳区
1549,牡丹江,爱民区
1550,昆明,石林彝族自治县
1551,定西,安定区
1552,渭南,澄城县
1553,六安,霍山县
1554,克孜勒苏柯尔克孜自治州,阿图什市
1555,怀化,溆浦县
1556,德州,宁津县
1557,通辽,科尔沁左翼后旗
1558,运城,闻喜县
1559,遵义,仁怀市
1560,常德,武陵区
1561,上饶,横峰县
1562,昆明,晋宁区
1563,宜昌,枝江市
1564,黑河,北安市
1565,中卫,沙坡头区
1566,定西,陇西县
1567,黄石,铁山区
1568,黔南布依族苗族自治州,惠水县
1569,柳州,柳城县
1570,商丘,夏邑县
1571,伊春,伊美区
1572,宜昌,远安县
1573,福州,永泰县
1574,成都,大邑县
1575,三明,沙县
1576,大理白族自治州,剑川县
1577,焦作,山阳区
1578,昭通,永善县
1579,萍乡,莲花县
1580,晋中,昔阳县
1581,滁州,凤阳县
1582,聊城,高唐县
1583,张家口,张北县
1584,石家庄,鹿泉区
1585,临高县,临高县
1586,宿迁,宿豫区
1587,丹东,宽甸满族自治县
1588,聊城,阳谷县
1589,晋中,太谷区
1590,赣州,定南县
1591,南充,高坪区
1592,普洱,景谷傣族彝族自治县
1593,烟台,海阳市
1594,鹤壁,淇县
1595,咸宁,赤壁市
1596,恩施土家族苗族自治州,建始县
1597,辽阳,辽阳县
1598,成都,青白江区
1599,龙岩,上杭县
1600,吉安,吉水县
1601,福州,闽清县
1602,保定,博野县
1603,三明,建宁县
1604,南平,邵武市
1605,邢台,任县
1606,宿州,泗县
1607,宁德,古田县
1608,丽水,龙泉市
1609,兰州,红古区
1610,济南,长清区
1611,大连,普兰店区
1612,吕梁,孝义市
1613,南充,嘉陵区
1614,赣州,龙南县
1615,湘潭,湘潭县
1616,赤峰,松山区
1617,聊城,冠县
1618,榆林,横山区
1619,恩施土家族苗族自治州,咸丰县
1620,鸡西,恒山区
1621,洛阳,新安县
1622,内江,隆昌市
1623,玉溪,通海县
1624,抚顺,新宾满族自治县
1625,阳泉,平定县
1626,龙岩,漳平市
1627,淄博,博山区
1628,湘西土家族苗族自治州,永顺县
1629,周口,项城市
1630,钦州,灵山县
1631,承德,宽城满族自治县
1632,宜宾,屏山县
1633,云浮,新兴县
1634,七台河,勃利县
1635,保定,涞水县
1636,通辽,扎鲁特旗
1637,衢州,衢江区
1638,保定,蠡县
1639,嘉峪关,雄关区
1640,铁岭,铁岭县
1641,克拉玛依,白碱滩区
1642,阳泉,城区
1643,呼伦贝尔,海拉尔区
1644,四平,梨树县
1645,南阳,桐柏县
1646,北海,银海区
1647,烟台,莱阳市
1648,昭通,昭阳区
1649,重庆,北碚区
1650,新乡,原阳县
1651,普洱,澜沧拉祜族自治县
1652,沧州,泊头市
1653,白城,洮北区
1654,鄂尔多斯,杭锦旗
1655,东营,利津县
1656,邯郸,复兴区
1657,沈阳,康平县
1658,六盘水,盘州市
1659,乌兰察布,察哈尔右翼前旗
1660,自贡,富顺县
1661,吉安,吉安县
1662,绵阳,平武县
1663,衡水,深州市
1664,衡水,景县
1665,运城,稷山县
1666,喀什地区,莎车县
1667,三亚,吉阳区
1668,阿拉善盟,阿拉善左旗
1669,邯郸,肥乡区
1670,承德,丰宁满族自治县
1671,铁岭,清河区
1672,济源,济源市
1673,衡阳,珠晖区
1674,信阳,罗山县
1675,抚顺,望花区
1676,洛阳,汝阳县
1677,澄迈县,澄迈县
1678,沧州,盐山县
1679,池州,东至县
1680,玉林,兴业县
1681,岳阳,华容县
1682,防城港,防城区
1683,绥化,兰西县
1684,随州,随县
1685,曲靖,沾益区
1686,安顺,紫云苗族布依族自治县
1687,大理白族自治州,鹤庆县
1688,重庆,铜梁区
1689,眉山,青神县
1690,邵阳,武冈市
1691,襄阳,保康县
1692,安康,汉滨区
1693,定安县,定安县
1694,凉山彝族自治州,宁南县
1695,临沧,镇康县
1696,焦作,温县
1697,运城,临猗县
1698,咸阳,淳化县
1699,郑州,登封市
1700,齐齐哈尔,克东县
1701,东营,垦利区
1702,西双版纳傣族自治州,勐腊县
1703,荆州,监利县
1704,河源,连平县
1705,抚州,南丰县
1706,秦皇岛,青龙满族自治县
1707,齐齐哈尔,讷河市
1708,红河哈尼族彝族自治州,泸西县
1709,滨州,博兴县
1710,唐山,玉田县
1711,四平,伊通满族自治县
1712,南宁,横县
1713,齐齐哈尔,依安县
1714,邯郸,临漳县
1715,漯河,舞阳县
1716,呼伦贝尔,牙克石市
1717,阳江,阳东区
1718,百色,靖西市
1719,嘉峪关,镜铁区
1720,秦皇岛,卢龙县
1721,张家口,赤城县
1722,南平,武夷山市
1723,荆州,石首市
1724,郑州,荥阳市
1725,临汾,曲沃县
1726,重庆,大足区
1727,大庆,肇源县
1728,河池,天峨县
1729,平顶山,湛河区
1730,九江,柴桑区
1731,陇南,文县
1732,新乡,卫滨区
1733,本溪,平山区
1734,上饶,万年县
1735,黄冈,红安县
1736,黄山,徽州区
1737,吉安,新干县
1738,曲靖,马龙区
1739,那曲市,索县
1740,菏泽,单县
1741,岳阳,汨罗市
1742,兴安盟,科尔沁右翼中旗
1743,朝阳,喀喇沁左翼蒙古族自治县
1744,哈尔滨,巴彦县
1745,丽江,华坪县
1746,锡林郭勒盟,正蓝旗
1747,晋城,沁水县
1748,天水,秦安县
1749,遂宁,安居区
1750,阳泉,郊区
1751,池州,青阳县
1752,延边朝鲜族自治州,敦化市
1753,凉山彝族自治州,越西县
1754,梧州,藤县
1755,泸州,叙永县
1756,恩施土家族苗族自治州,巴东县
1757,黄冈,黄梅县
1758,眉山,洪雅县
1759,佳木斯,桦川县
1760,河池,金城江区
1761,张家口,尚义县
1762,泉州,永春县
1763,赣州,石城县
1764,南充,西充县
1765,开封,杞县
1766,泸州,古蔺县
1767,梅州,丰顺县
1768,巴中,巴州区
1769,宁德,寿宁县
1770,衡水,安平县
1771,崇左,宁明县
1772,海东,平安区
1773,晋城,泽州县
1774,吉林,舒兰市
1775,德州,齐河县
1776,百色,田东县
1777,泰安,肥城市
1778,河源,紫金县
1779,百色,田林县
1780,黔西南布依族苗族自治州,安龙县
1781,马鞍山,博望区
1782,周口,太康县
1783,宜宾,江安县
1784,铁岭,昌图县
1785,沧州,肃宁县
1786,菏泽,定陶区
1787,张家界,永定区
1788,郴州,汝城县
1789,永州,蓝山县
1790,大同,浑源县
1791,衡阳,衡山县
1792,韶关,翁源县
1793,南平,建阳区
1794,临沧,临翔区
1795,牡丹江,穆棱市
1796,阿坝藏族羌族自治州,若尔盖县
1797,邢台,桥东区
1798,白银,会宁县
1799,百色,隆林各族自治县
1800,晋中,祁县
1801,吉安,永新县
1802,邢台,平乡县
1803,甘孜藏族自治州,理塘县
1804,菏泽,鄄城县
1805,南阳,社旗县
1806,白银,景泰县
1807,安庆,潜山市
1808,鹰潭,余江区
1809,三亚,海棠区
1810,遵义,习水县
1811,开封,鼓楼区
1812,儋州,儋州市
1813,六安,叶集区
1814,邯郸,峰峰矿区
1815,赤峰,元宝山区
1816,孝感,应城市
1817,重庆,石柱土家族自治县
1818,朔州,应县
1819,赣州,大余县
1820,达州,渠县
1821,衡阳,祁东县
1822,锡林郭勒盟,锡林浩特市
1823,鹤岗,绥滨县
1824,乐山,五通桥区
1825,绥化,安达市
1826,双鸭山,友谊县
1827,商丘,虞城县
1828,洛阳,老城区
1829,湘西土家族苗族自治州,凤凰县
1830,文山壮族苗族自治州,文山市
1831,固原,隆德县
1832,河源,和平县
1833,齐齐哈尔,甘南县
1834,永州,零陵区
1835,邵阳,大祥区
1836,吉林,龙潭区
1837,清远,英德市
1838,绵阳,梓潼县
1839,太原,清徐县
1840,毕节,大方县
1841,毕节,七星关区
1842,重庆,酉阳土家族苗族自治县
1843,石家庄,高邑县
1844,焦作,孟州市
1845,周口,淮阳区
1846,株洲,攸县
1847,玉树藏族自治州,玉树市
1848,洛阳,栾川县
1849,南阳,方城县
1850,昆明,禄劝彝族苗族自治县
1851,渭南,华州区
1852,赤峰,红山区
1853,清远,佛冈县
1854,大理白族自治州,祥云县
1855,吐鲁番,托克逊县
1856,商洛,商南县
1857,牡丹江,东宁市
1858,长治,潞城区
1859,铜仁,松桃苗族自治县
1860,葫芦岛,绥中县
1861,张家口,阳原县
1862,红河哈尼族彝族自治州,开远市
1863,云浮,云城区
1864,酒泉,瓜州县
1865,阿坝藏族羌族自治州,阿坝县
1866,临汾,霍州市
1867,保定,安国市
1868,咸阳,泾阳县
1869,晋中,灵石县
1870,鄂州,华容区
1871,佳木斯,东风区
1872,牡丹江,阳明区
1873,鄂尔多斯,康巴什区
1874,达州,开江县
1875,信阳,息县
1876,雅安,天全县
1877,鹰潭,贵溪市
1878,遂宁,射洪市
1879,文山壮族苗族自治州,广南县
1880,昆明,嵩明县
1881,白银,白银区
1882,鸡西,密山市
1883,韶关,始兴县
1884,孝感,云梦县
1885,肇庆,怀集县
1886,凉山彝族自治州,雷波县
1887,崇左,天等县
1888,赣州,安远县
1889,天水,麦积区
1890,德阳,罗江区
1891,渭南,富平县
1892,河池,南丹县
1893,榆林,绥德县
1894,晋中,和顺县
1895,宜春,奉新县
1896,沧州,沧县
1897,芜湖,繁昌县
1898,宜宾,兴文县
1899,达州,达川区
1900,德阳,中江县
1901,平顶山,宝丰县
1902,桂林,临桂区
1903,驻马店,平舆县
1904,大同,云州区
1905,来宾,忻城县
1906,杭州,淳安县
1907,九江,都昌县
1908,驻马店,上蔡县
1909,淮南,八公山区
1910,汉中,勉县
1911,桂林,全州县
1912,九江,德安县
1913,驻马店,确山县
1914,金华,磐安县
1915,衡水,冀州区
1916,益阳,沅江市
1917,绥化,青冈县
1918,邵阳,城步苗族自治县
1919,百色,平果市
1920,临汾,浮山县
1921,玉溪,江川区
1922,九江,庐山市
1923,许昌,建安区
1924,巴中,通江县
1925,宜昌,秭归县
1926,张家口,崇礼区
1927,岳阳,湘阴县
1928,辽源,东辽县
1929,安康,石泉县
1930,大理白族自治州,弥渡县
1931,佳木斯,抚远市
1932,楚雄彝族自治州,南华县
1933,保定,唐县
1934,雅安,名山区
1935,江门,鹤山市
1936,海北藏族自治州,祁连县
1937,百色,乐业县
1938,果洛藏族自治州,达日县
1939,常德,汉寿县
1940,重庆,忠县
1941,昌都,卡若区
1942,玉溪,易门县
1943,运城,万荣县
1944,南宁,隆安县
1945,铁岭,西丰县
1946,延安,吴起县
1947,永州,祁阳县
1948,乐山,犍为县
1949,濮阳,南乐县
1950,廊坊,香河县
1951,雅安,荥经县
1952,保亭黎族苗族自治县,保亭黎族苗族自治县
1953,秦皇岛,山海关区
1954,菏泽,东明县
1955,十堰,房县
1956,阜新,太平区
1957,衡阳,衡东县
1958,通辽,开鲁县
1959,韶关,仁化县
1960,延边朝鲜族自治州,龙井市
1961,郑州,上街区
1962,石家庄,灵寿县
1963,南阳,内乡县
1964,德州,庆云县
1965,九江,武宁县
1966,黔东南苗族侗族自治州,雷山县
1967,曲靖,富源县
1968,张家口,怀来县
1969,株洲,荷塘区
1970,大庆,肇州县
1971,和田地区,墨玉县
1972,驻马店,汝南县
1973,防城港,港口区
1974,海西蒙古族藏族自治州,茫崖市
1975,广安,前锋区
1976,海西蒙古族藏族自治州,乌兰县
1977,安阳,龙安区
1978,松原,前郭尔罗斯蒙古族自治县
1979,邢台,隆尧县
1980,陇南,成县
1981,包头,土默特右旗
1982,龙岩,永定区
1983,大庆,红岗区
1984,宜春,高安市
1985,德州,禹城市
1986,邢台,威县
1987,信阳,新县
1988,十堰,竹溪县
1989,神农架林区,神农架林区
1990,平凉,静宁县
1991,蚌埠,固镇县
1992,运城,绛县
1993,承德,隆化县
1994,阳江,阳西县
1995,通化,通化县
1996,许昌,长葛市
1997,新乡,封丘县
1998,榆林,清涧县
1999,漯河,临颍县
2000,乌海,乌达区
2001,巴彦淖尔,磴口县
2002,重庆,巫溪县
2003,红河哈尼族彝族自治州,屏边苗族自治县
2004,玉溪,新平彝族傣族自治县
2005,江门,恩平市
2006,内江,市中区
2007,运城,夏县
2008,秦皇岛,抚宁区
2009,邯郸,成安县
2010,林芝,波密县
2011,衡水,武邑县
2012,阜新,阜新蒙古族自治县
2013,忻州,五台县
2014,平凉,崇信县
2015,洛阳,吉利区
2016,临沂,蒙阴县
2017,文山壮族苗族自治州,富宁县
2018,五指山,五指山市
2019,枣庄,台儿庄区
2020,大兴安岭地区,塔河县
2021,石嘴山,平罗县
2022,保山,昌宁县
2023,商丘,柘城县
2024,商丘,宁陵县
2025,嘉峪关,长城区
2026,张掖,临泽县
2027,黔西南布依族苗族自治州,兴仁市
2028,天水,秦州区
2029,衡阳,石鼓区
2030,济南,商河县
2031,琼中黎族苗族自治县,琼中黎族苗族自治县
2032,枣庄,山亭区
2033,六盘水,水城县
2034,巴音郭楞蒙古自治州,若羌县
2035,汕头,南澳县
2036,临汾,襄汾县
2037,拉萨,堆龙德庆区
2038,宜昌,长阳土家族自治县
2039,天水,武山县
2040,双鸭山,岭东区
2041,乐山,夹江县
2042,怀化,中方县
2043,临汾,洪洞县
2044,海北藏族自治州,门源回族自治县
2045,南平,光泽县
2046,辽阳,宏伟区
2047,凉山彝族自治州,德昌县
2048,葫芦岛,建昌县
2049,石家庄,平山县
2050,昌吉回族自治州,阜康市
2051,四平,双辽市
2052,巴彦淖尔,杭锦后旗
2053,乐山,井研县
2054,永州,江永县
2055,本溪,溪湖区
2056,保定,易县
2057,阿拉善盟,阿拉善右旗
2058,邯郸,涉县
2059,西安,蓝田县
2060,郴州,永兴县
2061,三门峡,卢氏县
2062,焦作,马村区
2063,宁德,柘荣县
2064,重庆,城口县
2065,那曲市,色尼区
2066,屯昌县,屯昌县
2067,开封,顺河回族区
2068,重庆,垫江县
2069,张掖,甘州区
2070,临夏回族自治州,广河县
2071,周口,沈丘县
2072,保定,曲阳县
2073,昭通,巧家县
2074,铜仁,万山区
2075,吕梁,文水县
2076,伊春,友好区
2077,南平,顺昌县
2078,广元,剑阁县
2079,萍乡,上栗县
2080,锡林郭勒盟,东乌珠穆沁旗
2081,十堰,竹山县
2082,巴中,南江县
2083,鸡西,麻山区
2084,三门峡,义马市
2085,黄山,黟县
2086,酒泉,玉门市
2087,安顺,镇宁布依族苗族自治县
2088,海北藏族自治州,海晏县
2089,包头,达尔罕茂明安联合旗
2090,桂林,恭城瑶族自治县
2091,清远,连州市
2092,昌吉回族自治州,奇台县
2093,沧州,献县
2094,忻州,定襄县
2095,三明,明溪县
2096,兰州,榆中县
2097,临汾,汾西县
2098,忻州,宁武县
2099,临汾,翼城县
2100,三明,尤溪县
2101,宣城,绩溪县
2102,喀什地区,岳普湖县
2103,衡阳,南岳区
2104,张家界,慈利县
2105,怀化,会同县
2106,衡阳,常宁市
2107,承德,兴隆县
2108,长治,黎城县
2109,韶关,南雄市
2110,梧州,苍梧县
2111,白城,大安市
2112,常德,澧县
2113,邯郸,磁县
2114,运城,平陆县
2115,东方,东方市
2116,承德,承德县
2117,石家庄,赵县
2118,西安,周至县
2119,朝阳,龙城区
2120,梅州,平远县
2121,伊春,嘉荫县
2122,桂林,灌阳县
2123,宝鸡,陇县
2124,宜春,万载县
2125,红河哈尼族彝族自治州,河口瑶族自治县
2126,防城港,上思县
2127,阜新,彰武县
2128,巴彦淖尔,乌拉特前旗
2129,大同,广灵县
2130,攀枝花,盐边县
2131,长治,武乡县
2132,昆明,宜良县
2133,平顶山,郏县
2134,咸宁,嘉鱼县
2135,鞍山,岫岩满族自治县
2136,开封,通许县
2137,黔东南苗族侗族自治州,黎平县
2138,南宁,邕宁区
2139,保定,高阳县
2140,忻州,静乐县
2141,运城,芮城县
2142,肇庆,封开县
2143,赤峰,林西县
2144,赣州,崇义县
2145,桂林,龙胜各族自治县
2146,普洱,孟连傣族拉祜族佤族自治县
2147,益阳,南县
2148,咸阳,礼泉县
2149,安阳,安阳县
2150,鄂尔多斯,乌审旗
2151,鞍山,千山区
2152,驻马店,新蔡县
2153,大理白族自治州,云龙县
2154,乌兰察布,兴和县
2155,海西蒙古族藏族自治州,都兰县
2156,汉中,洋县
2157,鸡西,城子河区
2158,乐山,沙湾区
2159,开封,禹王台区
2160,呼伦贝尔,根河市
2161,梧州,岑溪市
2162,新乡,新乡县
2163,德州,陵城区
2164,沈阳,新民市
2165,德州,武城县
2166,新乡,凤泉区
2167,北海,合浦县
2168,重庆,彭水苗族土家族自治县
2169,龙岩,连城县
2170,延安,延长县
2171,怒江傈僳族自治州,福贡县
2172,安康,汉阴县
2173,赤峰,克什克腾旗
2174,赤峰,巴林左旗
2175,兴安盟,科尔沁右翼前旗
2176,九江,湖口县
2177,九江,永修县
2178,石家庄,赞皇县
2179,铜仁,沿河土家族自治县
2180,赣州,宁都县
2181,益阳,安化县
2182,酒泉,金塔县
2183,来宾,象州县
2184,周口,西华县
2185,自贡,贡井区
2186,桂林,兴安县
2187,通化,辉南县
2188,云浮,郁南县
2189,咸宁,通城县
2190,双鸭山,饶河县
2191,滨州,无棣县
2192,曲靖,罗平县
2193,伊犁哈萨克自治州,霍城县
2194,喀什地区,伽师县
2195,遵义,余庆县
2196,朔州,平鲁区
2197,吴忠,同心县
2198,张掖,民乐县
2199,邢台,巨鹿县
2200,乐山,金口河区
2201,天水,甘谷县
2202,黔东南苗族侗族自治州,三穗县
2203,宜宾,高县
2204,朔州,山阴县
2205,安康,岚皋县
2206,重庆,綦江区
2207,昆明,寻甸回族彝族自治县
2208,通化,柳河县
2209,广元,青川县
2210,乌海,海南区
2211,黔东南苗族侗族自治州,麻江县
2212,商洛,柞水县
2213,喀什地区,叶城县
2214,焦作,中站区
2215,河池,凤山县
2216,鹤岗,兴安区
2217,渭南,华阴市
2218,株洲,炎陵县
2219,邯郸,魏县
2220,乌兰察布,察哈尔右翼中旗
2221,铜川,印台区
2222,吐鲁番,鄯善县
2223,海东,乐都区
2224,咸宁,通山县
2225,三明,大田县
2226,邵阳,新邵县
2227,承德,双滦区
2228,大同,阳高县
2229,安阳,汤阴县
2230,三明,宁化县
2231,忻州,保德县
2232,抚州,乐安县
2233,鹤岗,东山区
2234,自贡,沿滩区
2235,汉中,西乡县
2236,泸州,合江县
2237,图木舒克,图木舒克市
2238,庆阳,环县
2239,甘孜藏族自治州,新龙县
2240,阿勒泰地区,哈巴河县
2241,大连,长海县
2242,喀什地区,英吉沙县
2243,巴中,恩阳区
2244,延边朝鲜族自治州,图们市
2245,甘孜藏族自治州,雅江县
2246,郴州,苏仙区
2247,宜昌,点军区
2248,张家口,蔚县
2249,锦州,义县
2250,开封,尉氏县
2251,金昌,永昌县
2252,湘西土家族苗族自治州,龙山县
2253,庆阳,庆城县
2254,昭通,水富市
2255,新余,分宜县
2256,漯河,召陵区
2257,来宾,金秀瑶族自治县
2258,甘南藏族自治州,舟曲县
2259,塔城地区,沙湾县
2260,阿坝藏族羌族自治州,金川县
2261,楚雄彝族自治州,禄丰县
2262,九江,瑞昌市
2263,宜春,铜鼓县
2264,舟山,嵊泗县
2265,乐山,沐川县
2266,龙岩,长汀县
2267,丽江,玉龙纳西族自治县
2268,信阳,商城县
2269,渭南,潼关县
2270,北屯,北屯市
2271,郴州,桂东县
2272,雅安,芦山县
2273,晋中,寿阳县
2274,临沧,永德县
2275,商丘,睢县
2276,和田地区,于田县
2277,德州,夏津县
2278,汉中,镇巴县
2279,铜仁,思南县
2280,怀化,芷江侗族自治县
2281,汕头,濠江区
2282,南阳,邓州市
2283,常德,安乡县
2284,阿拉尔,阿拉尔市
2285,信阳,淮滨县
2286,克拉玛依,独山子区
2287,吴忠,青铜峡市
2288,锡林郭勒盟,正镶白旗
2289,西双版纳傣族自治州,勐海县
2290,乌兰察布,凉城县
2291,怀化,辰溪县
2292,九江,彭泽县
2293,甘南藏族自治州,合作市
2294,石家庄,行唐县
2295,株洲,茶陵县
2296,昌吉回族自治州,玛纳斯县
2297,白城,镇赉县
2298,邯郸,广平县
2299,岳阳,云溪区
2300,凉山彝族自治州,昭觉县
2301,鄂尔多斯,鄂托克前旗
2302,黔南布依族苗族自治州,贵定县
2303,郴州,桂阳县
2304,乌鲁木齐,乌鲁木齐县
2305,锡林郭勒盟,二连浩特市
2306,防城港,东兴市
2307,昌都,芒康县
2308,娄底,双峰县
2309,玉林,福绵区
2310,张家口,怀安县
2311,萍乡,芦溪县
2312,黔西南布依族苗族自治州,普安县
2313,恩施土家族苗族自治州,宣恩县
2314,宝鸡,千阳县
2315,辽阳,弓长岭区
2316,石嘴山,惠农区
2317,天水,张家川回族自治县
2318,锡林郭勒盟,太仆寺旗
2319,宜春,宜丰县
2320,鸡西,滴道区
2321,郴州,资兴市
2322,甘南藏族自治州,夏河县
2323,宜宾,筠连县
2324,忻州,岢岚县
2325,焦作,修武县
2326,怀化,靖州苗族侗族自治县
2327,邯郸,馆陶县
2328,乌兰察布,商都县
2329,阿坝藏族羌族自治州,黑水县
2330,大同,灵丘县
2331,阜新,新邱区
2332,阿克苏地区,温宿县
2333,柳州,三江侗族自治县
2334,南阳,唐河县
2335,贺州,富川瑶族自治县
2336,保山,龙陵县
2337,遵义,正安县
2338,本溪,本溪满族自治县
2339,大庆,杜尔伯特蒙古族自治县
2340,曲靖,师宗县
2341,永州,双牌县
2342,德州,乐陵市
2343,邯郸,鸡泽县
2344,德宏傣族景颇族自治州,盈江县
2345,大理白族自治州,永平县
2346,雅安,石棉县
2347,吕梁,岚县
2348,赤峰,喀喇沁旗
2349,南充,营山县
2350,邢台,新河县
2351,石家庄,元氏县
2352,吴忠,红寺堡区
2353,赤峰,敖汉旗
2354,宜宾,南溪区
2355,南宁,上林县
2356,黄山,祁门县
2357,衡水,故城县
2358,平顶山,舞钢市
2359,甘孜藏族自治州,甘孜县
2360,廊坊,永清县
2361,榆林,吴堡县
2362,红河哈尼族彝族自治州,元阳县
2363,重庆,黔江区
2364,保山,施甸县
2365,怀化,通道侗族自治县
2366,黔南布依族苗族自治州,三都水族自治县
2367,濮阳,台前县
2368,眉山,丹棱县
2369,海东,循化撒拉族自治县
2370,长春,净月旅游开发区
2371,怀化,麻阳苗族自治县
2372,鹤壁,浚县
2373,锡林郭勒盟,苏尼特右旗
2374,延安,安塞区
2375,文山壮族苗族自治州,麻栗坡县
2376,甘孜藏族自治州,道孚县
2377,伊犁哈萨克自治州,霍尔果斯市
2378,黔南布依族苗族自治州,荔波县
2379,通辽,霍林郭勒市
2380,凉山彝族自治州,甘洛县
2381,桂林,荔浦市
2382,淮南,谢家集区
2383,陇南,礼县
2384,邢台,临西县
2385,赤峰,翁牛特旗
2386,临夏回族自治州,永靖县
2387,邵阳,邵阳县
2388,伊春,大箐山县
2389,呼伦贝尔,满洲里市
2390,昭通,威信县
2391,楚雄彝族自治州,大姚县
2392,韶关,新丰县
2393,大理白族自治州,南涧彝族自治县
2394,常德,石门县
2395,吕梁,方山县
2396,呼伦贝尔,扎赉诺尔区
2397,大理白族自治州,巍山彝族回族自治县
2398,安康,平利县
2399,朝阳,北票市
2400,清远,连南瑶族自治县
2401,白山,江源区
2402,鹤岗,萝北县
2403,昌江黎族自治县,昌江黎族自治县
2404,长治,上党区
2405,韶关,乐昌市
2406,赤峰,宁城县
2407,庆阳,宁县
2408,保定,望都县
2409,晋中,左权县
2410,陇南,徽县
2411,阿里地区,噶尔县
2412,衡水,饶阳县
2413,邢台,信都区
2414,广元,昭化区
2415,广安,武胜县
2416,杭州,临平区
2417,杭州,钱塘区
2418,乌兰察布,化德县
2419,沧州,孟村回族自治县
2420,海西蒙古族藏族自治州,格尔木市
2421,贺州,昭平县
2422,成都,新津区
2423,巴音郭楞蒙古自治州,轮台县
2424,南通,海门区
2425,芜湖,湾沚区
2426,洛阳,偃师区
2427,南昌,红谷滩区
2428,邢台,南宫市
2429,抚州,资溪县
2430,黔东南苗族侗族自治州,岑巩县
2431,漳州,龙海区
2432,清远,阳山县
2433,遵义,道真仡佬族苗族自治县
2434,张家界,桑植县
2435,烟台,长岛县
2436,白银,靖远县
2437,塔城地区,托里县
2438,宝鸡,眉县
2439,陇南,宕昌县
2440,普洱,景东彝族自治县
2441,永州,东安县
2442,承德,鹰手营子矿区
2443,昌吉回族自治州,呼图壁县
2444,晋城,陵川县
2445,五家渠,五家渠市
2446,德宏傣族景颇族自治州,陇川县
2447,塔城地区,额敏县
2448,昆明,东川区
2449,南平,松溪县
2450,临夏回族自治州,康乐县
2451,玉溪,澄江市
2452,桂林,资源县
2453,武威,民勤县
2454,商洛,镇安县
2455,邵阳,北塔区
2456,三明,将乐县
2457,怀化,新晃侗族自治县
2458,白山,临江市
2459,邢台,广宗县
2460,海南藏族自治州,贵德县
2461,定西,通渭县
2462,陇南,西和县
2463,定西,临洮县
2464,泸州,纳溪区
2465,沈阳,法库县
2466,昭通,彝良县
2467,铜仁,玉屏侗族自治县
2468,南宁,马山县
2469,西宁,大通回族土族自治县
2470,忻州,偏关县
2471,安康,旬阳市
2472,烟台,蓬莱区
2473,中山,南朗镇
2474,三明,沙县区
2475,临汾,安泽县
2476,邢台,襄都区
2477,来宾,武宣县
2478,宁德,屏南县
2479,遵义,赤水市
2480,邵阳,绥宁县
2481,赤峰,巴林右旗
2482,东莞,樟木头镇
2483,东莞,东城街道
2484,荆州,监利市
2485,东莞,桥头镇
2486,常德,津市市
2487,昭通,绥江县
2488,三明,清流县
2489,芜湖,无为县
2490,东莞,石碣镇
2491,大同,左云县
2492,通辽,库伦旗
2493,沧州,吴桥县
2494,抚顺,抚顺县
2495,黑河,逊克县
2496,郴州,安仁县
2497,河池,大化瑶族自治县
2498,兴安盟,突泉县
2499,中卫,海原县
2500,怒江傈僳族自治州,贡山独龙族怒族自治县
2501,抚州,金溪县
2502,宜春,靖安县
2503,太原,娄烦县
2504,黄南藏族自治州,泽库县
2505,喀什地区,泽普县
2506,阿克苏地区,新和县
2507,楚雄彝族自治州,元谋县
2508,包头,固阳县
2509,黔东南苗族侗族自治州,施秉县
2510,辽源,西安区
2511,凉山彝族自治州,金阳县
2512,柳州,鹿寨县
2513,湘西土家族苗族自治州,花垣县
2514,石家庄,井陉矿区
2515,贵港,覃塘区
2516,庆阳,华池县
2517,果洛藏族自治州,玛沁县
2518,平凉,庄浪县
2519,玉溪,元江哈尼族彝族傣族自治县
2520,楚雄彝族自治州,武定县
2521,临汾,大宁县
2522,白沙黎族自治县,白沙黎族自治县
2523,伊犁哈萨克自治州,巩留县
2524,昌都,贡觉县
2525,黔南布依族苗族自治州,瓮安县
2526,临汾,乡宁县
2527,抚州,宜黄县
2528,普洱,宁洱哈尼族彝族自治县
2529,呼伦贝尔,新巴尔虎左旗
2530,雅安,汉源县
2531,呼和浩特,武川县
2532,昌吉回族自治州,吉木萨尔县
2533,伊春,汤旺县
2534,延边朝鲜族自治州,和龙市
2535,湘西土家族苗族自治州,保靖县
2536,白银,平川区
2537,邯郸,邱县
2538,东莞,虎门镇
2539,来宾,合山市
2540,怒江傈僳族自治州,泸水市
2541,酒泉,敦煌市
2542,东莞,南城街道
2543,张家口,下花园区
2544,河池,都安瑶族自治县
2545,东莞,厚街镇
2546,湘西土家族苗族自治州,古丈县
2547,普洱,墨江哈尼族自治县
2548,塔城地区,乌苏市
2549,榆林,子洲县
2550,锡林郭勒盟,多伦县
2551,赤峰,阿鲁科尔沁旗
2552,驻马店,正阳县
2553,广安,邻水县
2554,邢台,内丘县
2555,呼伦贝尔,鄂伦春自治旗
2556,宜宾,长宁县
2557,邢台,南和区
2558,伊春,金山屯区
2559,仙桃,龙华山街道
2560,定西,漳县
2561,百色,平果县
2562,临汾,古县
2563,广元,旺苍县
2564,黔西南布依族苗族自治州,贞丰县
2565,昭通,鲁甸县
2566,忻州,神池县
2567,黔东南苗族侗族自治州,天柱县
2568,海北藏族自治州,刚察县
2569,贺州,平桂区
2570,桂林,永福县
2571,塔城地区,和布克赛尔蒙古自治县
2572,克孜勒苏柯尔克孜自治州,乌恰县
2573,甘孜藏族自治州,德格县
2574,张掖,高台县
2575,齐齐哈尔,梅里斯达斡尔族区
2576,鹤壁,山城区
2577,滨州,邹平县
2578,锡林郭勒盟,苏尼特左旗
2579,吉林,永吉县
2580,赣州,全南县
2581,临沧,凤庆县
2582,拉萨,曲水县